Workbook

Sheet Assumptions
A1: Break-Even Analysis: AOBP vs Traditional BP Measurement Technology
A2: Based on CADTH cost data · MDP factorial analysis · Relative_value_to_PI = VOI(SIL)/VOI(PI)
A4: Legend
A5: Blue text / blue bg | B5: Editable input — change for sensitivity analysis
A6: Gold background | B6: V(PI) / V(0) — fill from MDP calibration to unlock absolute QALYs
A7: Grey background | B7: Calculated formula — do not edit
A10: A. Cost Parameters (CADTH-based)
A11: Parameter | B11: Value | C11: Unit | D11: Source / Notes
A12: AOBP device cost — low | B12: 895 | C12: BpTRU entry-level | D12: CADTH BpTRU office BP monitor assessment
A13: AOBP device cost — high | B13: 1375 | C13: BpTRU premium | D13: CADTH BpTRU office BP monitor assessment
A14: Conventional device cost | B14: 160 | C14: Aneroid sphygmomanometer | D14: Canadian supplier listing (high-end aneroid)
A15: WTP threshold | B15: 50000 | C15: C$/QALY | D15: CADTH guidelines 2017 — standard threshold
A16: Incremental cost — low (AOBP low − conventional) | B16: =B12-B14 -> 735 | C16: C$ | D16: Derived
A17: Incremental cost — high (AOBP high − conventional) | B17: =B13-B14 -> 1215 | C17: C$ | D17: Derived
A20: B. Deployment Assumptions
A21: Parameter | B21: Value | C21: Unit | D21: Notes
A22: Device lifetime | B22: 5 | C22: years | D22: CADTH: ≥10,000 measurements per device
A23: Patients seen per year | B23: 250 | C23: patients/yr | D23: Clinical practice volume
A24: Treatment horizon | B24: 10 | C24: years | D24: HTN management per patient (e.g. age 50–70)
A27: C. Model Parameters — Relative_value_to_PI (pre-filled from factorial analysis)
A28: Scenario | B28: TF=Low (AOBP) | C28: TF=High (Traditional) | D28: Gain (L−H) | E28: Notes
A29: HF=Optimal (Δ*) — unbiased | B29: 0.9398 | C29: 0.8848 | D29: =B29-C29 -> 0.055 | E29: Pure TF effect; unbiased learning
A30: HF=Low commitment (Δ_L) | B30: 0.8959 | C30: 0.7546 | D30: =B30-C30 -> 0.1413 | E30: Under-reaction / physician inertia
A31: HF=High commitment (Δ_H) | B31: 0.8309 | C31: 0.7 | D31: =B31-C31 -> 0.1309 | E31: Over-commitment to prior beliefs
A32: Overall average (all HF) | B32: 0.8889 | C32: 0.7798 | D32: =B32-C32 -> 0.1091 | E32: Averaged across all scenarios
A35: D. V(PI) — Fill in from MDP Calibration (unlocks absolute QALY results)
A36: VOI(PI) = V(PI) − V(0). If V(0) is blank, VOI(PI) = V(PI). These values power the absolute QALY and break-even verdict in the Results sheet.
A37: Parameter | B37: Value (QALYs) | C37: Description
A38: V(PI) — expected QALYs under perfect information | B38: 12.2 | C38: From MDP value function; representative patient calibrated to Montreal cohort
A39: V(0) — expected QALYs under no treatment / baseline | B39: 10.7 | C39: Leave blank to use V(PI) directly as VOI(PI)
A40: VOI(PI) = V(PI) − V(0) | B40: =IF(B39="",B38,B38-B39) -> 1.5 | C40: Derived — referenced automatically in Results sheet

Sheet Results
A1: Results — Break-Even Analysis
A2: All values pulled from Assumptions sheet via formulas. Change inputs there; results update automatically.
A4: 1. Annual Incremental Device Cost per Patient (C$)
A5: Scenario | B5: Device life (yr) | C5: Pts/yr | D5: Inc. cost low (C$) | E5: Inc. cost high (C$) | F5: Ann. cost/pt — low | G5: Ann. cost/pt — high | H5: Mid. cost/pt
A6: 5-yr device · 100 pts/yr | B6: 5 | C6: 100 | D6: =Assumptions!B16 -> 735 | E6: =Assumptions!B17 -> 1215 | F6: =D6/(B6*C6) -> 1.47 | G6: =E6/(B6*C6) -> 2.43 | H6: =(F6+G6)/2 -> 1.95
A7: 5-yr device · 250 pts/yr | B7: 5 | C7: 250 | D7: =Assumptions!B16 -> 735 | E7: =Assumptions!B17 -> 1215 | F7: =D7/(B7*C7) -> 0.588 | G7: =E7/(B7*C7) -> 0.972 | H7: =(F7+G7)/2 -> 0.78
A8: 10-yr device · 250 pts/yr | B8: 10 | C8: 250 | D8: =Assumptions!B16 -> 735 | E8: =Assumptions!B17 -> 1215 | F8: =D8/(B8*C8) -> 0.294 | G8: =E8/(B8*C8) -> 0.486 | H8: =(F8+G8)/2 -> 0.39
A9: 5-yr device · 500 pts/yr | B9: 5 | C9: 500 | D9: =Assumptions!B16 -> 735 | E9: =Assumptions!B17 -> 1215 | F9: =D9/(B9*C9) -> 0.294 | G9: =E9/(B9*C9) -> 0.486 | H9: =(F9+G9)/2 -> 0.39
A10: Custom (from Assumptions) | B10: =Assumptions!B22 -> 5 | C10: =Assumptions!B23 -> 250 | D10: =Assumptions!B16 -> 735 | E10: =Assumptions!B17 -> 1215 | F10: =D10/(B10*C10) -> 0.588 | G10: =E10/(B10*C10) -> 0.972 | H10: =(F10+G10)/2 -> 0.78
A13: 2. Required QALY Gain per Patient per Year (at CADTH C$50,000/QALY threshold)
A14: Scenario | B14: Ann. cost/pt — low | C14: Ann. cost/pt — high | D14: Required QALY — low | E14: Required QALY — high | F14: Required QALY — mid
A15: 5-yr device · 100 pts/yr | B15: =Results!F6 -> 1.47 | C15: =Results!G6 -> 2.43 | D15: =B15/Assumptions!B15 -> 2.94e-05 | E15: =C15/Assumptions!B15 -> 4.86e-05 | F15: =(D15+E15)/2 -> 3.9e-05
A16: 5-yr device · 250 pts/yr | B16: =Results!F7 -> 0.588 | C16: =Results!G7 -> 0.972 | D16: =B16/Assumptions!B15 -> 1.176e-05 | E16: =C16/Assumptions!B15 -> 1.944e-05 | F16: =(D16+E16)/2 -> 1.56e-05
A17: 10-yr device · 250 pts/yr | B17: =Results!F8 -> 0.294 | C17: =Results!G8 -> 0.486 | D17: =B17/Assumptions!B15 -> 5.88e-06 | E17: =C17/Assumptions!B15 -> 9.72e-06 | F17: =(D17+E17)/2 -> 7.8e-06
A18: 5-yr device · 500 pts/yr | B18: =Results!F9 -> 0.294 | C18: =Results!G9 -> 0.486 | D18: =B18/Assumptions!B15 -> 5.88e-06 | E18: =C18/Assumptions!B15 -> 9.72e-06 | F18: =(D18+E18)/2 -> 7.8e-06
A19: Custom (from Assumptions) | B19: =Results!F10 -> 0.588 | C19: =Results!G10 -> 0.972 | D19: =B19/Assumptions!B15 -> 1.176e-05 | E19: =C19/Assumptions!B15 -> 1.944e-05 | F19: =(D19+E19)/2 -> 1.56e-05
A22: 3. Model-Implied QALY Gains — Relative and Absolute
A23: Relative gain = Relative_value_to_PI(TF=Low) − Relative_value_to_PI(TF=High) [fraction of VOI(PI)]. Absolute gain = Relative gain × VOI(PI). Annualized = Absolute / Treatment horizon. Cells turn green once V(PI) is entered in Assumptions sheet.
A24: HF scenario | B24: RV(TF=Low) | C24: RV(TF=High) | D24: Relative gain (×VOI(PI)) | E24: VOI(PI) (QALYs) | F24: Absolute QALY gain (total) | G24: Annualized QALY gain (/yr) | H24: Tx horizon (yr)
A25: HF=Optimal (Δ*) — unbiased | B25: =Assumptions!B29 -> 0.9398 | C25: =Assumptions!C29 -> 0.8848 | D25: =B25-C25 -> 0.055 | E25: =IF(Assumptions!B40="","— Enter V(PI) →",Assumptions!B40) -> 1.5 | F25: =IF(Assumptions!B38="","—",D25*Assumptions!B40) -> 0.0825 | G25: =IF(Assumptions!B38="","—",F25/Assumptions!B24) -> 0.00825 | H25: =Assumptions!B24 -> 10
A26: HF=Low commitment (Δ_L) | B26: =Assumptions!B30 -> 0.8959 | C26: =Assumptions!C30 -> 0.7546 | D26: =B26-C26 -> 0.1413 | E26: =IF(Assumptions!B40="","— Enter V(PI) →",Assumptions!B40) -> 1.5 | F26: =IF(Assumptions!B38="","—",D26*Assumptions!B40) -> 0.21195 | G26: =IF(Assumptions!B38="","—",F26/Assumptions!B24) -> 0.021195 | H26: =Assumptions!B24 -> 10
A27: HF=High commitment (Δ_H) | B27: =Assumptions!B31 -> 0.8309 | C27: =Assumptions!C31 -> 0.7 | D27: =B27-C27 -> 0.1309 | E27: =IF(Assumptions!B40="","— Enter V(PI) →",Assumptions!B40) -> 1.5 | F27: =IF(Assumptions!B38="","—",D27*Assumptions!B40) -> 0.19635 | G27: =IF(Assumptions!B38="","—",F27/Assumptions!B24) -> 0.019635 | H27: =Assumptions!B24 -> 10
A28: Overall average (all HF) | B28: =Assumptions!B32 -> 0.8889 | C28: =Assumptions!C32 -> 0.7798 | D28: =B28-C28 -> 0.1091 | E28: =IF(Assumptions!B40="","— Enter V(PI) →",Assumptions!B40) -> 1.5 | F28: =IF(Assumptions!B38="","—",D28*Assumptions!B40) -> 0.16365 | G28: =IF(Assumptions!B38="","—",F28/Assumptions!B24) -> 0.016365 | H28: =Assumptions!B24 -> 10
A31: 4. Break-Even Verdict — Required vs. Implied QALY Gain
A32: Compares the most conservative implied QALY gain (HF=Optimal) to the required threshold for each deployment scenario. "Multiple" = Implied annualized gain / Required mid QALY. Values ≥1 confirm break-even.
A33: Scenario | B33: Required QALY/yr (mid) | C33: Implied QALY/yr (HF=Optimal, conservative) | D33: Implied QALY/yr (HF=Low Δ_L) | E33: Implied QALY/yr (HF=High Δ_H) | F33: Multiple (Optimal) | G33: Multiple (Low Δ_L) | H33: Multiple (High Δ_H) | I33: Verdict
A34: 5-yr device · 100 pts/yr | B34: =Results!F15 -> 3.9e-05 | C34: =IF(Assumptions!B38="","—",Results!G25) -> 0.00825 | D34: =IF(Assumptions!B38="","—",Results!G26) -> 0.021195 | E34: =IF(Assumptions!B38="","—",Results!G27) -> 0.019635 | F34: =IF(OR(Assumptions!B38="",C34="—"),"—",C34/B34) -> 211.53846 | G34: =IF(OR(Assumptions!B38="",C34="—"),"—",D34/B34) -> 543.46154 | H34: =IF(OR(Assumptions!B38="",C34="—"),"—",E34/B34) -> 503.46154 | I34: =IF(Assumptions!B38="","Enter V(PI)",IF(F34="—","—",IF(F34>=1,"✓ Breaks even","Below threshold"))) -> ✓ Breaks even
A35: 5-yr device · 250 pts/yr | B35: =Results!F16 -> 1.56e-05 | C35: =IF(Assumptions!B38="","—",Results!G25) -> 0.00825 | D35: =IF(Assumptions!B38="","—",Results!G26) -> 0.021195 | E35: =IF(Assumptions!B38="","—",Results!G27) -> 0.019635 | F35: =IF(OR(Assumptions!B38="",C35="—"),"—",C35/B35) -> 528.84615 | G35: =IF(OR(Assumptions!B38="",C35="—"),"—",D35/B35) -> 1358.6538 | H35: =IF(OR(Assumptions!B38="",C35="—"),"—",E35/B35) -> 1258.6538 | I35: =IF(Assumptions!B38="","Enter V(PI)",IF(F35="—","—",IF(F35>=1,"✓ Breaks even","Below threshold"))) -> ✓ Breaks even
A36: 10-yr device · 250 pts/yr | B36: =Results!F17 -> 7.8e-06 | C36: =IF(Assumptions!B38="","—",Results!G25) -> 0.00825 | D36: =IF(Assumptions!B38="","—",Results!G26) -> 0.021195 | E36: =IF(Assumptions!B38="","—",Results!G27) -> 0.019635 | F36: =IF(OR(Assumptions!B38="",C36="—"),"—",C36/B36) -> 1057.6923 | G36: =IF(OR(Assumptions!B38="",C36="—"),"—",D36/B36) -> 2717.3077 | H36: =IF(OR(Assumptions!B38="",C36="—"),"—",E36/B36) -> 2517.3077 | I36: =IF(Assumptions!B38="","Enter V(PI)",IF(F36="—","—",IF(F36>=1,"✓ Breaks even","Below threshold"))) -> ✓ Breaks even
A37: 5-yr device · 500 pts/yr | B37: =Results!F18 -> 7.8e-06 | C37: =IF(Assumptions!B38="","—",Results!G25) -> 0.00825 | D37: =IF(Assumptions!B38="","—",Results!G26) -> 0.021195 | E37: =IF(Assumptions!B38="","—",Results!G27) -> 0.019635 | F37: =IF(OR(Assumptions!B38="",C37="—"),"—",C37/B37) -> 1057.6923 | G37: =IF(OR(Assumptions!B38="",C37="—"),"—",D37/B37) -> 2717.3077 | H37: =IF(OR(Assumptions!B38="",C37="—"),"—",E37/B37) -> 2517.3077 | I37: =IF(Assumptions!B38="","Enter V(PI)",IF(F37="—","—",IF(F37>=1,"✓ Breaks even","Below threshold"))) -> ✓ Breaks even
A38: Custom (from Assumptions) | B38: =Results!F19 -> 1.56e-05 | C38: =IF(Assumptions!B38="","—",Results!G25) -> 0.00825 | D38: =IF(Assumptions!B38="","—",Results!G26) -> 0.021195 | E38: =IF(Assumptions!B38="","—",Results!G27) -> 0.019635 | F38: =IF(OR(Assumptions!B38="",C38="—"),"—",C38/B38) -> 528.84615 | G38: =IF(OR(Assumptions!B38="",C38="—"),"—",D38/B38) -> 1358.6538 | H38: =IF(OR(Assumptions!B38="",C38="—"),"—",E38/B38) -> 1258.6538 | I38: =IF(Assumptions!B38="","Enter V(PI)",IF(F38="—","—",IF(F38>=1,"✓ Breaks even","Below threshold"))) -> ✓ Breaks even
A41: 5. Sensitivity — What V(PI) would be needed to just break even?
A42: Break-even V(PI)* = Required QALY/yr × Treatment horizon / Relative gain. If the actual V(PI) exceeds V(PI)*, the technology is cost-justified.
A43: Scenario | B43: HF=Optimal: V(PI)* needed | C43: HF=Low: V(PI)* needed | D43: HF=High: V(PI)* needed | E43: V(PI) (entered) | F43: Margin (Optimal) | G43: Margin (Low Δ_L) | H43: Margin (High Δ_H)
A44: 5-yr device · 100 pts/yr | B44: =Results!F15*Assumptions!B24/Results!D25 -> 0.0070909091 | C44: =Results!F15*Assumptions!B24/Results!D26 -> 0.0027600849 | D44: =Results!F15*Assumptions!B24/Results!D27 -> 0.0029793736 | E44: =IF(Assumptions!B38="","—",Assumptions!B38) -> 12.2 | F44: =IF(Assumptions!B38="","—",E44-B44) -> 12.192909 | G44: =IF(Assumptions!B38="","—",E44-C44) -> 12.19724 | H44: =IF(Assumptions!B38="","—",E44-D44) -> 12.197021
A45: 5-yr device · 250 pts/yr | B45: =Results!F16*Assumptions!B24/Results!D25 -> 0.0028363636 | C45: =Results!F16*Assumptions!B24/Results!D26 -> 0.001104034 | D45: =Results!F16*Assumptions!B24/Results!D27 -> 0.0011917494 | E45: =IF(Assumptions!B38="","—",Assumptions!B38) -> 12.2 | F45: =IF(Assumptions!B38="","—",E45-B45) -> 12.197164 | G45: =IF(Assumptions!B38="","—",E45-C45) -> 12.198896 | H45: =IF(Assumptions!B38="","—",E45-D45) -> 12.198808
A46: 10-yr device · 250 pts/yr | B46: =Results!F17*Assumptions!B24/Results!D25 -> 0.0014181818 | C46: =Results!F17*Assumptions!B24/Results!D26 -> 0.00055201699 | D46: =Results!F17*Assumptions!B24/Results!D27 -> 0.00059587471 | E46: =IF(Assumptions!B38="","—",Assumptions!B38) -> 12.2 | F46: =IF(Assumptions!B38="","—",E46-B46) -> 12.198582 | G46: =IF(Assumptions!B38="","—",E46-C46) -> 12.199448 | H46: =IF(Assumptions!B38="","—",E46-D46) -> 12.199404
A47: 5-yr device · 500 pts/yr | B47: =Results!F18*Assumptions!B24/Results!D25 -> 0.0014181818 | C47: =Results!F18*Assumptions!B24/Results!D26 -> 0.00055201699 | D47: =Results!F18*Assumptions!B24/Results!D27 -> 0.00059587471 | E47: =IF(Assumptions!B38="","—",Assumptions!B38) -> 12.2 | F47: =IF(Assumptions!B38="","—",E47-B47) -> 12.198582 | G47: =IF(Assumptions!B38="","—",E47-C47) -> 12.199448 | H47: =IF(Assumptions!B38="","—",E47-D47) -> 12.199404
A48: Custom (from Assumptions) | B48: =Results!F19*Assumptions!B24/Results!D25 -> 0.0028363636 | C48: =Results!F19*Assumptions!B24/Results!D26 -> 0.001104034 | D48: =Results!F19*Assumptions!B24/Results!D27 -> 0.0011917494 | E48: =IF(Assumptions!B38="","—",Assumptions!B38) -> 12.2 | F48: =IF(Assumptions!B38="","—",E48-B48) -> 12.197164 | G48: =IF(Assumptions!B38="","—",E48-C48) -> 12.198896 | H48: =IF(Assumptions!B38="","—",E48-D48) -> 12.198808
